{"cameraMode":{"drawMode":0,"name":"Shaded","section":"Shading Mode"},"sceneLighting":false,"audioPlay":false,"sceneViewState":{"m_AlwaysRefresh":false,"showFog":false,"showSkybox":false,"showFlares":false,"showImageEffects":false,"showParticleSystems":false,"showVisualEffectGraphs":true,"m_FxEnabled":true},"in2DMode":false,"pivot":{"x":0.28854572772979739,"y":0.9370242357254028,"z":0.25864458084106448},"rotation":{"x":0.0445648692548275,"y":0.9546948671340942,"z":-0.18796469271183015,"w":0.2263539582490921},"size":2.3895151615142824,"orthographic":false}