{"cameraMode":{"drawMode":0,"name":"Shaded","section":"Shading Mode"},"sceneLighting":true,"audioPlay":false,"sceneViewState":{"m_AlwaysRefresh":false,"showFog":true,"showSkybox":true,"showFlares":true,"showImageEffects":true,"showParticleSystems":true,"showVisualEffectGraphs":true,"m_FxEnabled":true},"in2DMode":false,"pivot":{"x":11.274229049682618,"y":38.260860443115237,"z":7.783417224884033},"rotation":{"x":-0.061175066977739337,"y":0.9385990500450134,"z":-0.24955545365810395,"w":-0.23106922209262849},"size":4.392597198486328,"orthographic":false}