{"cameraMode":{"drawMode":0,"name":"Shaded","section":"Shading Mode"},"sceneLighting":false,"audioPlay":false,"sceneViewState":{"m_AlwaysRefresh":false,"showFog":true,"showSkybox":false,"showFlares":true,"showImageEffects":true,"showParticleSystems":true,"showVisualEffectGraphs":true,"m_FxEnabled":true},"in2DMode":false,"pivot":{"x":0.0038251876831054689,"y":9.968732833862305,"z":-0.14652442932128907},"rotation":{"x":-0.025606397539377214,"y":-0.943490207195282,"z":0.32191556692123415,"w":-0.075226791203022},"size":20.6302547454834,"orthographic":false}