{"cameraMode":{"drawMode":0,"name":"Shaded","section":"Shading Mode"},"sceneLighting":false,"audioPlay":false,"sceneViewState":{"m_AlwaysRefresh":false,"showFog":true,"showSkybox":false,"showFlares":true,"showImageEffects":true,"showParticleSystems":true,"showVisualEffectGraphs":true,"m_FxEnabled":true},"in2DMode":false,"pivot":{"x":-3.8564720153808595,"y":9.80449104309082,"z":-0.000003814697265625},"rotation":{"x":0.07677221298217774,"y":-0.9131323099136353,"z":0.344970166683197,"w":0.20324622094631196},"size":11.861964225769043,"orthographic":false}