{"cameraMode":{"drawMode":0,"name":"Shaded","section":"Shading Mode"},"sceneLighting":false,"audioPlay":false,"sceneViewState":{"m_AlwaysRefresh":false,"showFog":true,"showSkybox":false,"showFlares":true,"showImageEffects":true,"showParticleSystems":true,"showVisualEffectGraphs":true,"m_FxEnabled":true},"in2DMode":false,"pivot":{"x":0.000010967254638671875,"y":2.9107260704040529,"z":-0.0000019073486328125},"rotation":{"x":0.16027934849262238,"y":0.6262671947479248,"z":-0.13288432359695435,"w":0.7514743208885193},"size":9.928210258483887,"orthographic":false}