{"cameraMode":{"drawMode":0,"name":"Shaded","section":"Shading Mode"},"sceneLighting":false,"audioPlay":false,"sceneViewState":{"m_AlwaysRefresh":false,"showFog":true,"showSkybox":false,"showFlares":true,"showImageEffects":true,"showParticleSystems":true,"showVisualEffectGraphs":true,"m_FxEnabled":true},"in2DMode":false,"pivot":{"x":0.0038251876831054689,"y":9.968732833862305,"z":-0.14652442932128907},"rotation":{"x":0.18704856932163239,"y":-0.7073186635971069,"z":0.20373907685279847,"w":0.650683581829071},"size":20.6302547454834,"orthographic":false}