{"cameraMode":{"drawMode":0,"name":"Shaded","section":"Shading Mode"},"sceneLighting":false,"audioPlay":false,"sceneViewState":{"m_AlwaysRefresh":false,"showFog":true,"showSkybox":false,"showFlares":true,"showImageEffects":true,"showParticleSystems":true,"showVisualEffectGraphs":true,"m_FxEnabled":true},"in2DMode":false,"pivot":{"x":6.179830551147461,"y":9.394811630249024,"z":6.910243988037109},"rotation":{"x":-0.002047373680397868,"y":-0.9916692972183228,"z":0.12924465537071229,"w":-0.011664546094834805},"size":19.303722381591798,"orthographic":false}