{"cameraMode":{"drawMode":0,"name":"Shaded","section":"Shading Mode"},"sceneLighting":false,"audioPlay":false,"sceneViewState":{"m_AlwaysRefresh":false,"showFog":true,"showSkybox":false,"showFlares":true,"showImageEffects":true,"showParticleSystems":true,"showVisualEffectGraphs":true,"m_FxEnabled":true},"in2DMode":false,"pivot":{"x":0.00001049041748046875,"y":5.336897850036621,"z":0.0000057220458984375},"rotation":{"x":0.18704856932163239,"y":-0.7073186635971069,"z":0.20373907685279847,"w":0.650683581829071},"size":16.728239059448243,"orthographic":false}